Date,Temperature,Humidity,WindSpeed,PM2_5,PM10,NO2,AQI,Risk
2025-01-01,13,58,5,134,237,61,205,Dangerous
2025-01-02,13,58,6,126,243,68,200,Dangerous
2025-01-03,12,53,6,140,250,68,215,Dangerous
2025-01-04,11,57,7,132,232,67,203,Dangerous
2025-01-05,15,53,7,103,149,52,155,Dangerous
2025-01-06,15,64,3,144,241,74,211,Dangerous
2025-01-07,14,65,7,126,236,65,193,Dangerous
2025-01-08,12,57,7,119,249,56,186,Dangerous
2025-01-09,15,68,7,132,257,64,196,Dangerous
2025-01-10,13,66,3,134,243,70,211,Dangerous
2025-01-11,15,74,7,115,199,55,187,Dangerous
2025-01-12,13,60,7,113,200,49,171,Dangerous
2025-01-13,13,62,8,119,218,60,196,Dangerous
2025-01-14,16,62,4,141,256,78,215,Dangerous
2025-01-15,18,58,9,117,203,51,181,Dangerous
2025-01-16,17,65,7,93,182,55,157,Dangerous
2025-01-17,13,60,10,99,175,56,161,Dangerous
2025-01-18,13,61,4,132,218,74,200,Dangerous
2025-01-19,19,62,9,98,178,52,176,Dangerous
2025-01-20,11,66,7,138,256,67,207,Dangerous
2025-01-21,12,61,6,146,250,72,205,Dangerous
2025-01-22,13,61,8,133,237,58,205,Dangerous
2025-01-23,15,63,5,138,247,73,219,Dangerous
2025-01-24,16,61,11,111,197,54,187,Dangerous
2025-01-25,15,63,9,104,164,54,167,Dangerous
2025-01-26,13,65,8,101,192,52,158,Dangerous
2025-01-27,16,59,5,127,235,63,201,Dangerous
2025-01-28,17,55,7,114,240,50,192,Dangerous
2025-01-29,14,58,11,104,223,49,179,Dangerous
2025-01-30,14,55,7,109,201,47,189,Dangerous
2025-01-31,15,69,5,121,265,60,188,Dangerous
2025-02-01,14,61,8,123,217,52,186,Dangerous
2025-02-02,18,61,3,122,240,78,202,Dangerous
2025-02-03,16,51,5,116,217,66,183,Dangerous
2025-02-04,13,53,5,122,185,63,187,Dangerous
2025-02-05,19,58,9,96,165,47,169,Dangerous
2025-02-06,18,60,14,97,187,51,163,Dangerous
2025-02-07,20,66,4,109,204,66,170,Dangerous
2025-02-08,11,45,7,103,193,52,162,Dangerous
2025-02-09,12,59,8,112,215,56,191,Dangerous
2025-02-10,16,52,6,98,147,56,160,Dangerous
2025-02-11,16,52,8,118,213,56,181,Dangerous
2025-02-12,16,48,7,100,211,59,180,Dangerous
2025-02-13,15,60,5,108,202,56,190,Dangerous
2025-02-14,18,44,9,86,160,49,153,Dangerous
2025-02-15,13,48,9,105,220,62,164,Dangerous
2025-02-16,18,43,11,89,148,57,156,Dangerous
2025-02-17,13,56,6,98,173,62,154,Dangerous
2025-02-18,18,65,6,98,183,52,169,Dangerous
2025-02-19,18,48,11,92,167,44,150,Moderate
2025-02-20,20,53,9,82,163,45,153,Dangerous
2025-02-21,17,58,9,81,139,41,136,Moderate
2025-02-22,16,58,8,104,224,54,167,Dangerous
2025-02-23,17,52,5,90,171,52,151,Dangerous
2025-02-24,17,63,8,72,131,49,130,Moderate
2025-02-25,19,57,10,92,162,53,151,Dangerous
2025-02-26,18,59,10,74,122,44,129,Moderate
2025-02-27,17,48,9,51,108,37,109,Moderate
2025-02-28,21,55,7,73,149,38,135,Moderate
2025-03-01,18,52,9,74,157,44,138,Moderate
2025-03-02,17,55,10,87,150,46,149,Moderate
2025-03-03,19,51,5,94,183,61,179,Dangerous
2025-03-04,19,50,9,94,147,52,144,Moderate
2025-03-05,15,38,6,91,155,52,146,Moderate
2025-03-06,21,43,11,54,96,36,113,Moderate
2025-03-07,23,50,6,70,125,50,135,Moderate
2025-03-08,20,55,8,68,133,50,132,Moderate
2025-03-09,20,43,10,56,116,26,124,Moderate
2025-03-10,18,44,11,46,93,33,99,Safe
2025-03-11,23,58,5,58,126,38,119,Moderate
2025-03-12,21,53,9,64,112,46,121,Moderate
2025-03-13,22,45,9,60,115,34,126,Moderate
2025-03-14,24,49,11,68,144,41,135,Moderate
2025-03-15,23,48,7,67,100,44,127,Moderate
2025-03-16,24,48,11,57,97,29,107,Moderate
2025-03-17,19,51,9,66,128,46,137,Moderate
2025-03-18,21,45,8,42,97,40,105,Moderate
2025-03-19,21,53,5,71,137,45,144,Moderate
2025-03-20,24,45,9,52,96,30,120,Moderate
2025-03-21,25,51,7,87,191,51,152,Dangerous
2025-03-22,21,49,8,58,130,32,136,Moderate
2025-03-23,26,39,7,57,97,39,97,Safe
2025-03-24,23,57,8,54,85,41,110,Moderate
2025-03-25,27,47,9,60,109,32,121,Moderate
2025-03-26,23,47,11,44,97,41,99,Safe
2025-03-27,27,44,8,84,159,55,156,Dangerous
2025-03-28,21,46,9,35,49,31,93,Safe
2025-03-29,25,43,9,39,74,27,94,Safe
2025-03-30,24,40,10,38,81,33,99,Safe
2025-03-31,26,35,9,53,115,28,115,Moderate
2025-04-01,27,44,10,52,108,38,114,Moderate
2025-04-02,25,40,10,61,116,37,118,Moderate
2025-04-03,27,39,12,34,58,30,90,Safe
2025-04-04,26,51,10,50,87,40,113,Moderate
2025-04-05,27,45,9,44,98,33,106,Moderate
2025-04-06,23,45,9,34,72,21,96,Safe
2025-04-07,28,44,9,36,75,19,94,Safe
2025-04-08,28,42,10,46,99,38,108,Moderate
2025-04-09,25,41,11,62,115,33,115,Moderate
2025-04-10,22,46,8,34,44,26,90,Safe
2025-04-11,24,33,11,39,89,34,100,Safe
2025-04-12,24,43,12,35,54,35,87,Safe
2025-04-13,26,44,13,45,87,36,119,Moderate
2025-04-14,30,48,9,90,149,46,146,Moderate
2025-04-15,31,46,8,51,110,36,105,Moderate
2025-04-16,26,41,11,35,87,24,83,Safe
2025-04-17,26,52,10,69,139,34,126,Moderate
2025-04-18,29,36,16,29,76,35,90,Safe
2025-04-19,26,42,12,51,103,27,110,Moderate
2025-04-20,27,30,10,23,65,35,97,Safe
2025-04-21,28,41,13,53,99,34,128,Moderate
2025-04-22,29,40,11,47,80,32,95,Safe
2025-04-23,29,55,13,39,68,29,102,Moderate
2025-04-24,28,52,9,39,108,22,110,Moderate
2025-04-25,26,43,11,49,52,24,94,Safe
2025-04-26,30,38,11,25,53,22,82,Safe
2025-04-27,31,51,10,35,76,28,93,Safe
2025-04-28,27,46,10,27,39,32,80,Safe
2025-04-29,32,44,8,32,82,27,85,Safe
2025-04-30,30,42,9,38,74,19,97,Safe
2025-05-01,29,51,9,22,72,19,77,Safe
2025-05-02,32,41,8,46,91,42,111,Moderate
2025-05-03,37,30,12,25,77,30,92,Safe
2025-05-04,29,39,8,64,131,40,134,Moderate
2025-05-05,33,48,8,35,79,34,102,Moderate
2025-05-06,29,44,16,46,107,33,114,Moderate
2025-05-07,35,42,14,27,71,31,82,Safe
2025-05-08,34,38,10,37,108,31,108,Moderate
2025-05-09,30,44,9,33,85,30,104,Moderate
2025-05-10,32,42,14,29,43,34,86,Safe
2025-05-11,28,44,11,58,103,34,110,Moderate
2025-05-12,30,40,9,27,38,21,68,Safe
2025-05-13,31,40,9,45,92,32,101,Moderate
2025-05-14,36,43,13,12,30,11,62,Safe
2025-05-15,34,39,13,24,66,18,80,Safe
2025-05-16,34,46,12,59,109,35,99,Safe
2025-05-17,37,39,10,52,122,35,106,Moderate
2025-05-18,34,39,10,48,65,36,105,Moderate
2025-05-19,37,44,8,31,70,33,97,Safe
2025-05-20,30,43,14,54,135,33,128,Moderate
2025-05-21,37,50,13,45,80,25,108,Moderate
2025-05-22,33,44,11,30,71,22,88,Safe
2025-05-23,34,44,10,44,119,29,117,Moderate
2025-05-24,36,27,10,27,74,28,91,Safe
2025-05-25,35,39,10,19,47,23,76,Safe
2025-05-26,33,51,14,52,114,36,119,Moderate
2025-05-27,36,40,15,54,137,35,123,Moderate
2025-05-28,35,45,13,32,68,37,92,Safe
2025-05-29,35,50,12,36,76,23,93,Safe
2025-05-30,32,48,10,44,102,33,105,Moderate
2025-05-31,36,33,10,31,74,28,83,Safe
2025-06-01,35,43,10,36,74,36,100,Safe
2025-06-02,36,48,10,21,31,39,69,Safe
2025-06-03,35,44,11,24,30,21,65,Safe
2025-06-04,35,43,11,34,65,34,89,Safe
2025-06-05,36,39,13,26,67,28,84,Safe
2025-06-06,36,45,15,42,95,26,94,Safe
2025-06-07,34,47,13,19,67,24,65,Safe
2025-06-08,35,33,10,23,47,24,76,Safe
2025-06-09,34,58,14,16,63,15,69,Safe
2025-06-10,39,34,13,14,39,22,82,Safe
2025-06-11,34,49,13,26,49,26,82,Safe
2025-06-12,38,43,11,32,68,27,89,Safe
2025-06-13,34,46,13,15,60,24,66,Safe
2025-06-14,37,51,13,41,80,28,94,Safe
2025-06-15,34,47,12,27,55,23,85,Safe
2025-06-16,35,45,12,23,40,29,84,Safe
2025-06-17,36,52,13,26,74,35,88,Safe
2025-06-18,37,57,11,12,51,14,82,Safe
2025-06-19,38,52,12,46,80,27,98,Safe
2025-06-20,36,47,12,26,49,34,73,Safe
2025-06-21,34,56,11,29,57,22,80,Safe
2025-06-22,35,57,11,33,81,34,100,Safe
2025-06-23,38,58,11,20,30,26,68,Safe
2025-06-24,37,57,9,14,36,21,70,Safe
2025-06-25,34,56,8,12,49,18,66,Safe
2025-06-26,34,48,11,17,61,26,75,Safe
2025-06-27,38,62,12,16,60,32,82,Safe
2025-06-28,40,60,13,12,30,22,55,Safe
2025-06-29,35,63,10,26,41,24,86,Safe
2025-06-30,37,59,15,35,63,36,88,Safe
2025-07-01,36,58,14,12,45,24,76,Safe
2025-07-02,36,65,10,32,76,21,93,Safe
2025-07-03,37,57,10,15,30,31,62,Safe
2025-07-04,35,67,13,26,84,25,81,Safe
2025-07-05,38,64,11,12,56,25,63,Safe
2025-07-06,38,51,10,12,30,18,62,Safe
2025-07-07,38,62,13,29,60,28,90,Safe
2025-07-08,40,66,14,27,78,18,92,Safe
2025-07-09,37,63,10,12,44,26,60,Safe
2025-07-10,37,59,9,22,49,23,72,Safe
2025-07-11,37,63,9,12,35,25,61,Safe
2025-07-12,37,59,17,12,30,23,60,Safe
2025-07-13,38,75,10,15,35,23,80,Safe
2025-07-14,38,59,14,26,68,23,85,Safe
2025-07-15,35,69,10,12,52,23,79,Safe
2025-07-16,36,67,13,16,49,39,75,Safe
2025-07-17,36,77,9,12,30,26,72,Safe
2025-07-18,38,58,13,24,56,26,86,Safe
2025-07-19,37,71,9,12,30,26,71,Safe
2025-07-20,36,70,8,25,52,30,90,Safe
2025-07-21,34,77,11,12,46,16,73,Safe
2025-07-22,36,75,10,12,43,22,61,Safe
2025-07-23,35,78,10,12,49,13,54,Safe
2025-07-24,36,71,11,12,36,15,68,Safe
2025-07-25,32,71,11,12,30,26,78,Safe
2025-07-26,33,74,8,12,62,28,68,Safe
2025-07-27,36,75,11,33,82,14,89,Safe
2025-07-28,34,71,10,12,30,29,72,Safe
2025-07-29,34,77,12,21,37,29,71,Safe
2025-07-30,38,70,6,18,30,29,72,Safe
2025-07-31,34,64,8,12,34,31,74,Safe
2025-08-01,34,81,7,22,52,31,84,Safe
2025-08-02,34,79,10,33,68,35,96,Safe
2025-08-03,32,83,8,12,51,30,73,Safe
2025-08-04,34,84,11,12,49,16,65,Safe
2025-08-05,33,62,8,25,43,26,71,Safe
2025-08-06,36,74,11,12,30,17,72,Safe
2025-08-07,34,79,4,35,68,49,92,Safe
2025-08-08,34,79,8,20,41,34,82,Safe
2025-08-09,35,70,9,12,30,21,73,Safe
2025-08-10,31,84,8,13,30,28,72,Safe
2025-08-11,36,82,12,12,30,28,59,Safe
2025-08-12,33,80,10,22,54,17,76,Safe
2025-08-13,34,73,12,12,30,24,59,Safe
2025-08-14,37,76,7,25,95,20,95,Safe
2025-08-15,34,76,10,12,30,29,58,Safe
2025-08-16,37,83,7,12,59,24,72,Safe
2025-08-17,32,83,8,12,46,24,64,Safe
2025-08-18,30,68,7,12,30,28,68,Safe
2025-08-19,31,70,7,12,30,30,58,Safe
2025-08-20,33,71,14,12,41,20,63,Safe
2025-08-21,33,76,7,19,55,35,75,Safe
2025-08-22,35,73,5,26,60,29,90,Safe
2025-08-23,31,82,9,17,56,27,69,Safe
2025-08-24,34,74,13,12,49,18,67,Safe
2025-08-25,32,68,6,16,43,30,81,Safe
2025-08-26,31,79,8,12,42,15,68,Safe
2025-08-27,30,69,5,16,30,35,70,Safe
2025-08-28,28,71,10,12,34,20,66,Safe
2025-08-29,28,74,7,52,101,37,119,Moderate
2025-08-30,31,75,7,35,66,36,101,Moderate
2025-08-31,30,74,10,17,30,24,64,Safe
2025-09-01,29,69,11,28,103,27,88,Safe
2025-09-02,29,83,5,21,44,41,72,Safe
2025-09-03,33,79,8,22,31,28,74,Safe
2025-09-04,25,75,9,12,30,20,63,Safe
2025-09-05,29,66,6,27,55,32,83,Safe
2025-09-06,31,70,10,13,53,28,63,Safe
2025-09-07,32,81,6,24,52,34,85,Safe
2025-09-08,28,78,6,24,73,41,84,Safe
2025-09-09,31,71,5,18,30,29,69,Safe
2025-09-10,29,77,9,50,97,39,113,Moderate
2025-09-11,32,66,10,35,65,29,95,Safe
2025-09-12,28,63,11,14,67,20,74,Safe
2025-09-13,30,67,6,21,57,27,80,Safe
2025-09-14,24,64,7,21,38,25,76,Safe
2025-09-15,31,58,7,40,89,35,98,Safe
2025-09-16,28,66,3,33,43,46,94,Safe
2025-09-17,26,71,12,14,61,24,73,Safe
2025-09-18,25,62,7,12,46,25,74,Safe
2025-09-19,27,83,4,30,78,48,87,Safe
2025-09-20,31,59,10,25,93,35,86,Safe
2025-09-21,33,56,7,56,99,37,116,Moderate
2025-09-22,28,66,6,41,95,45,107,Moderate
2025-09-23,24,63,6,56,85,45,106,Moderate
2025-09-24,29,67,8,41,81,37,100,Safe
2025-09-25,28,62,3,45,115,50,113,Moderate
2025-09-26,26,60,8,44,76,38,110,Moderate
2025-09-27,24,60,8,47,89,33,102,Moderate
2025-09-28,26,63,7,27,46,34,74,Safe
2025-09-29,26,58,6,48,122,41,112,Moderate
2025-09-30,22,63,9,47,113,37,102,Moderate
2025-10-01,25,63,8,38,80,35,107,Moderate
2025-10-02,27,63,7,36,61,34,100,Safe
2025-10-03,25,62,4,41,102,40,96,Safe
2025-10-04,26,60,12,57,117,35,120,Moderate
2025-10-05,24,49,8,53,64,35,99,Safe
2025-10-06,26,57,9,29,50,34,80,Safe
2025-10-07,22,54,5,68,147,39,131,Moderate
2025-10-08,24,57,8,56,102,33,102,Moderate
2025-10-09,23,56,8,52,139,37,117,Moderate
2025-10-10,24,50,7,36,88,34,99,Safe
2025-10-11,23,48,4,90,174,53,160,Dangerous
2025-10-12,24,67,8,66,120,51,128,Moderate
2025-10-13,21,48,4,70,145,54,145,Moderate
2025-10-14,23,60,11,69,156,33,130,Moderate
2025-10-15,21,39,6,89,157,53,147,Moderate
2025-10-16,21,56,4,94,144,59,152,Dangerous
2025-10-17,25,59,3,55,94,44,113,Moderate
2025-10-18,22,58,3,64,127,47,127,Moderate
2025-10-19,20,53,9,50,82,39,118,Moderate
2025-10-20,21,46,3,93,153,69,174,Dangerous
2025-10-21,22,56,6,96,176,55,172,Dangerous
2025-10-22,22,66,3,86,146,60,146,Moderate
2025-10-23,22,46,6,113,229,51,187,Dangerous
2025-10-24,22,50,3,104,191,65,172,Dangerous
2025-10-25,25,48,5,98,191,50,175,Dangerous
2025-10-26,17,53,5,85,175,41,146,Moderate
2025-10-27,18,58,9,93,192,38,161,Dangerous
2025-10-28,17,51,6,95,195,45,158,Dangerous
2025-10-29,17,43,8,92,193,56,163,Dangerous
2025-10-30,18,59,4,89,148,56,161,Dangerous
2025-10-31,20,60,6,94,214,63,171,Dangerous
2025-11-01,18,43,6,98,187,57,169,Dangerous
2025-11-02,21,55,4,99,190,53,172,Dangerous
2025-11-03,20,53,4,89,148,47,150,Moderate
2025-11-04,18,47,7,104,190,59,179,Dangerous
2025-11-05,15,57,3,106,208,66,182,Dangerous
2025-11-06,19,62,3,114,207,75,192,Dangerous
2025-11-07,20,49,10,103,173,63,158,Dangerous
2025-11-08,16,52,3,126,230,69,210,Dangerous
2025-11-09,15,62,4,136,271,82,214,Dangerous
2025-11-10,15,55,5,95,186,51,173,Dangerous
2025-11-11,20,52,5,115,201,78,178,Dangerous
2025-11-12,18,60,4,114,186,69,185,Dangerous
2025-11-13,18,45,6,120,211,56,186,Dangerous
2025-11-14,15,55,5,117,224,63,192,Dangerous
2025-11-15,18,60,3,124,236,69,205,Dangerous
2025-11-16,18,52,7,114,220,68,194,Dangerous
2025-11-17,21,45,4,123,215,68,189,Dangerous
2025-11-18,19,61,6,109,206,62,181,Dangerous
2025-11-19,17,63,4,123,231,69,201,Dangerous
2025-11-20,16,47,3,126,238,73,187,Dangerous
2025-11-21,17,55,3,158,283,83,251,Dangerous
2025-11-22,15,53,8,102,187,54,175,Dangerous
2025-11-23,17,50,7,131,218,61,193,Dangerous
2025-11-24,14,62,4,126,210,65,203,Dangerous
2025-11-25,17,46,3,141,243,71,205,Dangerous
2025-11-26,13,57,4,144,255,68,220,Dangerous
2025-11-27,18,52,3,127,207,77,185,Dangerous
2025-11-28,15,66,7,115,196,58,179,Dangerous
2025-11-29,18,56,3,145,273,74,226,Dangerous
2025-11-30,15,50,5,113,195,57,181,Dangerous
2025-12-01,15,49,3,132,243,71,189,Dangerous
2025-12-02,18,68,8,124,233,57,195,Dangerous
2025-12-03,13,58,3,139,242,77,212,Dangerous
2025-12-04,14,63,3,128,221,73,197,Dangerous
2025-12-05,15,61,3,119,216,72,194,Dangerous
2025-12-06,17,57,5,118,206,59,181,Dangerous
2025-12-07,14,54,5,101,191,59,173,Dangerous
2025-12-08,14,56,7,115,238,52,186,Dangerous
2025-12-09,12,54,3,122,231,62,197,Dangerous
2025-12-10,11,56,8,117,215,62,190,Dangerous
2025-12-11,15,67,3,125,234,72,202,Dangerous
2025-12-12,17,56,3,140,249,71,212,Dangerous
2025-12-13,13,65,7,116,218,60,193,Dangerous
2025-12-14,9,52,5,112,189,64,171,Dangerous
2025-12-15,14,60,5,106,190,66,178,Dangerous
2025-12-16,16,59,3,115,205,72,193,Dangerous
2025-12-17,15,55,5,110,196,55,180,Dangerous
2025-12-18,14,65,3,104,244,57,184,Dangerous
2025-12-19,15,54,9,98,182,60,160,Dangerous
2025-12-20,13,58,3,119,221,67,195,Dangerous
2025-12-21,15,62,5,123,211,72,190,Dangerous
2025-12-22,15,71,3,110,193,72,176,Dangerous
2025-12-23,19,51,6,98,187,53,162,Dangerous
2025-12-24,10,61,3,94,174,58,168,Dangerous
2025-12-25,11,63,6,96,164,54,166,Dangerous
2025-12-26,13,65,5,122,220,64,180,Dangerous
2025-12-27,11,62,5,103,178,58,164,Dangerous
2025-12-28,14,59,9,78,163,39,141,Moderate
2025-12-29,12,68,6,95,178,49,171,Dangerous
2025-12-30,16,60,5,103,185,57,166,Dangerous
2025-12-31,13,57,7,84,150,46,136,Moderate
